Gen No, Best Tout Length, Average Tour Length, Best Chromosome
Init, 831796.2395189541, 854621.8748228472, 246, 468, 289, 159, 161, 330, 12, 269, 215, 285, 162, 102, 69, 210, 413, 509, 24, 651, 91, 473, 52, 124, 239, 608, 151, 32, 74, 268, 374, 66, 105, 615, 519, 604, 321, 80, 379, 206, 141, 182, 642, 566, 34, 282, 123, 539, 440, 28, 487, 428, 550, 455, 611, 37, 334, 518, 284, 5, 377, 386, 381, 573, 132, 579, 549, 504, 480, 135, 57, 460, 359, 264, 371, 456, 229, 354, 343, 383, 294, 178, 365, 411, 81, 154, 58, 27, 38, 544, 322, 363, 522, 469, 104, 617, 130, 452, 275, 398, 208, 145, 520, 501, 429, 203, 325, 279, 405, 415, 622, 340, 199, 466, 187, 634, 488, 16, 546, 212, 571, 125, 273, 231, 431, 358, 111, 635, 7, 554, 506, 258, 631, 378, 56, 430, 395, 525, 638, 126, 122, 82, 632, 79, 624, 437, 547, 589, 84, 477, 169, 626, 254, 220, 599, 256, 319, 338, 262, 116, 17, 498, 401, 584, 478, 593, 576, 432, 323, 335, 76, 31, 577, 85, 494, 450, 408, 369, 391, 560, 260, 349, 114, 158, 312, 147, 225, 339, 336, 439, 464, 150, 364, 44, 117, 578, 613, 390, 426, 567, 585, 298, 416, 142, 140, 347, 396, 313, 545, 87, 230, 475, 595, 511, 54, 65, 46, 639, 177, 261, 507, 393, 564, 329, 108, 0, 572, 472, 144, 409, 590, 296, 295, 529, 173, 189, 171, 148, 277, 287, 435, 43, 72, 119, 587, 259, 307, 6, 417, 482, 650, 86, 106, 288, 290, 250, 39, 548, 442, 303, 153, 497, 448, 443, 25, 623, 302, 471, 575, 237, 655, 41, 300, 489, 342, 236, 653, 183, 562, 78, 479, 438, 523, 265, 4, 63, 484, 558, 228, 588, 155, 89, 45, 113, 583, 320, 191, 243, 474, 630, 361, 138, 360, 143, 255, 362, 543, 427, 341, 152, 249, 133, 609, 445, 467, 372, 156, 384, 627, 602, 400, 422, 198, 305, 530, 20, 42, 227, 481, 205, 459, 50, 317, 574, 603, 165, 315, 21, 382, 389, 251, 67, 559, 2, 180, 36, 62, 224, 163, 278, 517, 510, 654, 496, 94, 95, 647, 11, 204, 614, 13, 304, 100, 441, 299, 346, 625, 107, 286, 620, 53, 71, 552, 392, 380, 516, 292, 537, 598, 387, 616, 612, 283, 193, 454, 491, 207, 194, 301, 637, 424, 500, 370, 328, 77, 99, 493, 628, 75, 629, 397, 553, 129, 242, 648, 146, 526, 451, 644, 168, 318, 88, 274, 93, 222, 532, 656, 306, 461, 652, 211, 121, 223, 192, 248, 308, 244, 476, 419, 596, 399, 646, 536, 436, 311, 592, 109, 591, 333, 22, 276, 403, 128, 610, 136, 202, 414, 170, 184, 367, 394, 355, 98, 92, 48, 565, 103, 73, 465, 15, 561, 402, 235, 486, 241, 418, 527, 240, 55, 582, 209, 185, 190, 219, 157, 197, 186, 458, 538, 257, 218, 26, 556, 61, 649, 310, 131, 425, 356, 272, 569, 291, 512, 607, 640, 217, 376, 137, 314, 541, 508, 281, 606, 1, 40, 535, 375, 97, 348, 406, 213, 352, 232, 447, 214, 433, 188, 633, 326, 166, 619, 297, 495, 247, 586, 542, 263, 601, 293, 234, 457, 270, 64, 10, 332, 30, 524, 201, 127, 267, 9, 195, 266, 540, 563, 280, 373, 110, 470, 345, 70, 412, 421, 618, 531, 96, 594, 181, 555, 483, 385, 83, 513, 351, 19, 175, 621, 252, 410, 164, 570, 605, 90, 449, 68, 366, 490, 51, 423, 120, 18, 337, 172, 388, 499, 551, 600, 636, 353, 176, 444, 462, 344, 149, 253, 368, 463, 196, 23, 580, 316, 47, 557, 357, 581, 3, 35, 446, 221, 309, 233, 8, 597, 331, 179, 200, 533, 643, 492, 160, 115, 350, 434, 515, 641, 174, 112, 420, 271, 216, 407, 167, 14, 485, 453, 101, 568, 528, 238, 60, 29, 505, 139, 59, 521, 226, 404, 118, 514, 503, 534, 645, 245, 327, 134, 502, 324, 33, 49
1, 831164.0180944148, 855875.3941233358, 14, 376, 503, 304, 306, 139, 189, 564, 618, 250, 46, 88, 592, 326, 287, 583, 168, 9, 466, 573, 541, 454, 52, 36, 472, 253, 251, 447, 264, 210, 597, 518, 519, 374, 94, 105, 130, 494, 529, 269, 386, 128, 211, 205, 148, 115, 133, 150, 2, 476, 37, 526, 247, 214, 350, 501, 66, 142, 497, 336, 515, 283, 120, 624, 425, 644, 504, 439, 375, 530, 357, 198, 321, 155, 617, 546, 431, 340, 520, 339, 572, 114, 417, 328, 458, 424, 181, 642, 12, 235, 611, 277, 555, 450, 21, 567, 30, 335, 137, 532, 240, 490, 379, 601, 154, 645, 630, 406, 538, 312, 152, 170, 484, 649, 560, 123, 319, 280, 98, 419, 578, 593, 527, 616, 55, 455, 604, 517, 539, 640, 232, 298, 522, 5, 309, 491, 619, 124, 42, 641, 89, 507, 333, 228, 1, 576, 607, 316, 344, 338, 561, 353, 249, 462, 552, 634, 461, 176, 342, 523, 534, 568, 542, 652, 27, 341, 200, 327, 195, 225, 41, 377, 570, 423, 421, 276, 129, 68, 331, 272, 0, 582, 615, 24, 275, 19, 131, 318, 451, 4, 595, 599, 629, 467, 566, 391, 528, 16, 620, 96, 361, 412, 410, 262, 404, 59, 364, 436, 459, 95, 108, 45, 498, 544, 278, 169, 100, 28, 603, 182, 229, 255, 279, 380, 510, 516, 69, 610, 651, 307, 445, 165, 74, 550, 612, 122, 626, 613, 627, 591, 299, 218, 261, 400, 493, 366, 427, 180, 113, 145, 217, 141, 408, 443, 317, 234, 236, 26, 356, 112, 175, 285, 190, 38, 577, 6, 239, 608, 83, 533, 116, 224, 413, 521, 216, 499, 648, 153, 390, 460, 134, 580, 77, 334, 440, 394, 384, 506, 273, 282, 13, 143, 166, 563, 465, 87, 647, 500, 556, 201, 260, 8, 463, 61, 79, 579, 525, 511, 109, 256, 418, 405, 398, 362, 99, 265, 49, 633, 93, 551, 584, 271, 162, 289, 308, 428, 314, 343, 10, 270, 655, 474, 110, 243, 54, 646, 208, 477, 470, 127, 513, 359, 179, 363, 156, 360, 183, 56, 258, 444, 594, 469, 420, 449, 103, 297, 310, 589, 509, 73, 609, 654, 209, 554, 281, 631, 86, 191, 488, 82, 241, 478, 387, 97, 438, 186, 585, 33, 505, 302, 622, 625, 315, 227, 31, 471, 18, 346, 453, 320, 481, 220, 586, 381, 146, 559, 489, 531, 495, 57, 468, 266, 284, 193, 562, 429, 292, 365, 399, 329, 433, 11, 549, 581, 17, 296, 164, 63, 238, 117, 35, 540, 107, 486, 267, 369, 358, 7, 638, 482, 174, 184, 557, 23, 422, 15, 197, 171, 295, 230, 628, 574, 351, 207, 34, 537, 598, 602, 623, 121, 524, 656, 337, 259, 125, 70, 288, 72, 313, 242, 212, 397, 204, 653, 159, 126, 160, 545, 402, 71, 233, 64, 430, 246, 569, 543, 135, 432, 388, 323, 587, 90, 457, 290, 514, 643, 244, 25, 547, 167, 637, 44, 192, 291, 370, 330, 373, 588, 600, 441, 409, 111, 378, 480, 65, 76, 177, 219, 223, 632, 20, 32, 188, 91, 322, 389, 393, 621, 311, 483, 245, 29, 324, 254, 213, 196, 456, 144, 401, 446, 473, 442, 416, 415, 512, 48, 119, 202, 47, 173, 286, 293, 187, 237, 53, 185, 349, 437, 199, 414, 43, 194, 102, 407, 548, 206, 222, 3, 650, 332, 231, 81, 80, 382, 106, 158, 78, 118, 263, 411, 161, 535, 84, 605, 132, 434, 294, 221, 325, 163, 426, 502, 367, 203, 464, 305, 639, 606, 140, 257, 67, 403, 368, 301, 85, 149, 39, 636, 300, 355, 635, 496, 396, 51, 395, 75, 151, 448, 147, 485, 575, 383, 58, 479, 348, 178, 452, 215, 40, 104, 372, 492, 50, 565, 392, 435, 487, 138, 136, 354, 274, 60, 371, 614, 157, 347, 22, 101, 352, 571, 172, 268, 252, 385, 508, 590, 553, 92, 303, 345, 558, 248, 475, 226, 536, 62, 596
2, 822687.6116513174, 854167.8168218845, 111, 422, 634, 286, 257, 45, 1, 374, 284, 643, 457, 482, 394, 184, 202, 429, 644, 455, 359, 7, 560, 589, 591, 123, 250, 160, 256, 446, 521, 497, 487, 339, 384, 292, 652, 562, 513, 412, 420, 449, 318, 507, 458, 637, 484, 648, 545, 103, 140, 655, 651, 260, 165, 188, 598, 108, 51, 444, 406, 242, 614, 417, 293, 116, 315, 197, 68, 118, 425, 407, 388, 381, 638, 467, 278, 22, 100, 645, 78, 122, 173, 203, 131, 436, 182, 132, 385, 494, 430, 547, 624, 650, 217, 145, 326, 266, 566, 75, 221, 620, 529, 38, 162, 124, 447, 212, 91, 409, 428, 53, 289, 302, 48, 31, 200, 481, 4, 554, 572, 382, 272, 470, 631, 153, 567, 341, 174, 154, 390, 176, 277, 28, 641, 601, 178, 654, 161, 355, 617, 262, 219, 58, 34, 642, 635, 99, 344, 609, 80, 335, 389, 158, 543, 265, 141, 280, 599, 18, 276, 368, 461, 296, 441, 527, 333, 602, 511, 615, 299, 273, 329, 65, 502, 594, 499, 582, 325, 330, 332, 349, 232, 401, 563, 297, 393, 227, 190, 585, 367, 343, 539, 328, 14, 35, 495, 229, 613, 179, 492, 92, 214, 72, 340, 159, 496, 148, 552, 656, 469, 504, 647, 608, 147, 632, 646, 556, 21, 47, 392, 198, 561, 421, 303, 172, 462, 13, 258, 483, 249, 550, 575, 361, 301, 610, 380, 236, 468, 171, 316, 274, 44, 239, 233, 269, 314, 583, 264, 479, 231, 363, 365, 433, 370, 163, 3, 220, 191, 54, 119, 189, 639, 586, 548, 12, 288, 156, 509, 400, 42, 311, 505, 224, 194, 164, 454, 57, 192, 149, 500, 282, 621, 576, 43, 142, 213, 378, 87, 308, 568, 151, 498, 16, 244, 565, 463, 352, 243, 592, 306, 435, 9, 515, 157, 376, 201, 177, 225, 584, 337, 307, 89, 490, 11, 322, 104, 313, 85, 294, 90, 287, 440, 525, 607, 465, 29, 460, 247, 578, 577, 305, 423, 587, 109, 549, 166, 230, 30, 442, 71, 478, 290, 146, 360, 605, 324, 23, 534, 629, 588, 427, 338, 252, 640, 50, 603, 480, 77, 540, 410, 366, 167, 246, 62, 604, 185, 127, 437, 67, 501, 222, 488, 571, 40, 618, 125, 237, 323, 321, 295, 611, 573, 551, 79, 402, 519, 595, 579, 633, 268, 126, 517, 558, 216, 204, 49, 169, 477, 66, 452, 130, 456, 241, 506, 56, 186, 240, 555, 279, 5, 300, 424, 553, 520, 155, 597, 215, 411, 523, 403, 309, 371, 535, 59, 208, 439, 522, 259, 199, 489, 94, 416, 46, 238, 622, 508, 408, 377, 234, 623, 524, 327, 95, 596, 254, 97, 606, 175, 96, 61, 195, 105, 86, 52, 106, 180, 270, 387, 139, 542, 434, 228, 334, 211, 74, 557, 136, 113, 41, 6, 473, 115, 453, 107, 255, 263, 445, 24, 128, 493, 133, 395, 590, 331, 10, 69, 64, 474, 616, 346, 413, 581, 580, 206, 0, 102, 600, 537, 593, 168, 310, 261, 137, 101, 26, 248, 476, 379, 528, 636, 438, 33, 187, 17, 134, 538, 516, 112, 485, 353, 223, 193, 405, 347, 448, 8, 88, 531, 383, 312, 653, 283, 81, 110, 358, 404, 285, 628, 574, 544, 37, 345, 491, 121, 267, 399, 181, 397, 135, 209, 414, 19, 82, 386, 251, 364, 245, 569, 32, 396, 70, 619, 281, 536, 210, 317, 152, 129, 63, 432, 183, 486, 320, 419, 630, 235, 530, 570, 362, 150, 375, 472, 27, 418, 373, 426, 398, 144, 464, 120, 342, 73, 348, 25, 471, 459, 356, 304, 298, 76, 546, 559, 357, 612, 369, 39, 170, 564, 2, 431, 514, 354, 451, 627, 626, 114, 526, 143, 36, 83, 226, 205, 466, 117, 510, 336, 533, 98, 350, 84, 443, 372, 93, 60, 532, 503, 625, 450, 218, 319, 649, 55, 138, 291, 541, 271, 20, 475, 196, 518, 351, 415, 391, 207, 15, 253, 512, 275
3, 822687.6116513174, 855223.203293242, 111, 422, 634, 286, 257, 45, 1, 374, 284, 643, 457, 482, 394, 184, 202, 429, 644, 455, 359, 7, 560, 589, 591, 123, 250, 160, 256, 446, 521, 497, 487, 339, 384, 292, 652, 562, 513, 412, 420, 449, 318, 507, 458, 637, 484, 648, 545, 103, 140, 655, 651, 260, 165, 188, 598, 108, 51, 444, 406, 242, 614, 417, 293, 116, 315, 197, 68, 118, 425, 407, 388, 381, 638, 467, 278, 22, 100, 645, 78, 122, 173, 203, 131, 436, 182, 132, 385, 494, 430, 547, 624, 650, 217, 145, 326, 266, 566, 75, 221, 620, 529, 38, 162, 124, 447, 212, 91, 409, 428, 53, 289, 302, 48, 31, 200, 481, 4, 554, 572, 382, 272, 470, 631, 153, 567, 341, 174, 154, 390, 176, 277, 28, 641, 601, 178, 654, 161, 355, 617, 262, 219, 58, 34, 642, 635, 99, 344, 609, 80, 335, 389, 158, 543, 265, 141, 280, 599, 18, 276, 368, 461, 296, 441, 527, 333, 602, 511, 615, 299, 273, 329, 65, 502, 594, 499, 582, 325, 330, 332, 349, 232, 401, 563, 297, 393, 227, 190, 585, 367, 343, 539, 328, 14, 35, 495, 229, 613, 179, 492, 92, 214, 72, 340, 159, 496, 148, 552, 656, 469, 504, 647, 608, 147, 632, 646, 556, 21, 47, 392, 198, 561, 421, 303, 172, 462, 13, 258, 483, 249, 550, 575, 361, 301, 610, 380, 236, 468, 171, 316, 274, 44, 239, 233, 269, 314, 583, 264, 479, 231, 363, 365, 433, 370, 163, 3, 220, 191, 54, 119, 189, 639, 586, 548, 12, 288, 156, 509, 400, 42, 311, 505, 224, 194, 164, 454, 57, 192, 149, 500, 282, 621, 576, 43, 142, 213, 378, 87, 308, 568, 151, 498, 16, 244, 565, 463, 352, 243, 592, 306, 435, 9, 515, 157, 376, 201, 177, 225, 584, 337, 307, 89, 490, 11, 322, 104, 313, 85, 294, 90, 287, 440, 525, 607, 465, 29, 460, 247, 578, 577, 305, 423, 587, 109, 549, 166, 230, 30, 442, 71, 478, 290, 146, 360, 605, 324, 23, 534, 629, 588, 427, 338, 252, 640, 50, 603, 480, 77, 540, 410, 366, 167, 246, 62, 604, 185, 127, 437, 67, 501, 222, 488, 571, 40, 618, 125, 237, 323, 321, 295, 611, 573, 551, 79, 402, 519, 595, 579, 633, 268, 126, 517, 558, 216, 204, 49, 169, 477, 66, 452, 130, 456, 241, 506, 56, 186, 240, 555, 279, 5, 300, 424, 553, 520, 155, 597, 215, 411, 523, 403, 309, 371, 535, 59, 208, 439, 522, 259, 199, 489, 94, 416, 46, 238, 622, 508, 408, 377, 234, 623, 524, 327, 95, 596, 254, 97, 606, 175, 96, 61, 195, 105, 86, 52, 106, 180, 270, 387, 139, 542, 434, 228, 334, 211, 74, 557, 136, 113, 41, 6, 473, 115, 453, 107, 255, 263, 445, 24, 128, 493, 133, 395, 590, 331, 10, 69, 64, 474, 616, 346, 413, 581, 580, 206, 0, 102, 600, 537, 593, 168, 310, 261, 137, 101, 26, 248, 476, 379, 528, 636, 438, 33, 187, 17, 134, 538, 516, 112, 485, 353, 223, 193, 405, 347, 448, 8, 88, 531, 383, 312, 653, 283, 81, 110, 358, 404, 285, 628, 574, 544, 37, 345, 491, 121, 267, 399, 181, 397, 135, 209, 414, 19, 82, 386, 251, 364, 245, 569, 32, 396, 70, 619, 281, 536, 210, 317, 152, 129, 63, 432, 183, 486, 320, 419, 630, 235, 530, 570, 362, 150, 375, 472, 27, 418, 373, 426, 398, 144, 464, 120, 342, 73, 348, 25, 471, 459, 356, 304, 298, 76, 546, 559, 357, 612, 369, 39, 170, 564, 2, 431, 514, 354, 451, 627, 626, 114, 526, 143, 36, 83, 226, 205, 466, 117, 510, 336, 533, 98, 350, 84, 443, 372, 93, 60, 532, 503, 625, 450, 218, 319, 649, 55, 138, 291, 541, 271, 20, 475, 196, 518, 351, 415, 391, 207, 15, 253, 512, 275
4, 822687.6116513174, 854477.2228521046, 111, 422, 634, 286, 257, 45, 1, 374, 284, 643, 457, 482, 394, 184, 202, 429, 644, 455, 359, 7, 560, 589, 591, 123, 250, 160, 256, 446, 521, 497, 487, 339, 384, 292, 652, 562, 513, 412, 420, 449, 318, 507, 458, 637, 484, 648, 545, 103, 140, 655, 651, 260, 165, 188, 598, 108, 51, 444, 406, 242, 614, 417, 293, 116, 315, 197, 68, 118, 425, 407, 388, 381, 638, 467, 278, 22, 100, 645, 78, 122, 173, 203, 131, 436, 182, 132, 385, 494, 430, 547, 624, 650, 217, 145, 326, 266, 566, 75, 221, 620, 529, 38, 162, 124, 447, 212, 91, 409, 428, 53, 289, 302, 48, 31, 200, 481, 4, 554, 572, 382, 272, 470, 631, 153, 567, 341, 174, 154, 390, 176, 277, 28, 641, 601, 178, 654, 161, 355, 617, 262, 219, 58, 34, 642, 635, 99, 344, 609, 80, 335, 389, 158, 543, 265, 141, 280, 599, 18, 276, 368, 461, 296, 441, 527, 333, 602, 511, 615, 299, 273, 329, 65, 502, 594, 499, 582, 325, 330, 332, 349, 232, 401, 563, 297, 393, 227, 190, 585, 367, 343, 539, 328, 14, 35, 495, 229, 613, 179, 492, 92, 214, 72, 340, 159, 496, 148, 552, 656, 469, 504, 647, 608, 147, 632, 646, 556, 21, 47, 392, 198, 561, 421, 303, 172, 462, 13, 258, 483, 249, 550, 575, 361, 301, 610, 380, 236, 468, 171, 316, 274, 44, 239, 233, 269, 314, 583, 264, 479, 231, 363, 365, 433, 370, 163, 3, 220, 191, 54, 119, 189, 639, 586, 548, 12, 288, 156, 509, 400, 42, 311, 505, 224, 194, 164, 454, 57, 192, 149, 500, 282, 621, 576, 43, 142, 213, 378, 87, 308, 568, 151, 498, 16, 244, 565, 463, 352, 243, 592, 306, 435, 9, 515, 157, 376, 201, 177, 225, 584, 337, 307, 89, 490, 11, 322, 104, 313, 85, 294, 90, 287, 440, 525, 607, 465, 29, 460, 247, 578, 577, 305, 423, 587, 109, 549, 166, 230, 30, 442, 71, 478, 290, 146, 360, 605, 324, 23, 534, 629, 588, 427, 338, 252, 640, 50, 603, 480, 77, 540, 410, 366, 167, 246, 62, 604, 185, 127, 437, 67, 501, 222, 488, 571, 40, 618, 125, 237, 323, 321, 295, 611, 573, 551, 79, 402, 519, 595, 579, 633, 268, 126, 517, 558, 216, 204, 49, 169, 477, 66, 452, 130, 456, 241, 506, 56, 186, 240, 555, 279, 5, 300, 424, 553, 520, 155, 597, 215, 411, 523, 403, 309, 371, 535, 59, 208, 439, 522, 259, 199, 489, 94, 416, 46, 238, 622, 508, 408, 377, 234, 623, 524, 327, 95, 596, 254, 97, 606, 175, 96, 61, 195, 105, 86, 52, 106, 180, 270, 387, 139, 542, 434, 228, 334, 211, 74, 557, 136, 113, 41, 6, 473, 115, 453, 107, 255, 263, 445, 24, 128, 493, 133, 395, 590, 331, 10, 69, 64, 474, 616, 346, 413, 581, 580, 206, 0, 102, 600, 537, 593, 168, 310, 261, 137, 101, 26, 248, 476, 379, 528, 636, 438, 33, 187, 17, 134, 538, 516, 112, 485, 353, 223, 193, 405, 347, 448, 8, 88, 531, 383, 312, 653, 283, 81, 110, 358, 404, 285, 628, 574, 544, 37, 345, 491, 121, 267, 399, 181, 397, 135, 209, 414, 19, 82, 386, 251, 364, 245, 569, 32, 396, 70, 619, 281, 536, 210, 317, 152, 129, 63, 432, 183, 486, 320, 419, 630, 235, 530, 570, 362, 150, 375, 472, 27, 418, 373, 426, 398, 144, 464, 120, 342, 73, 348, 25, 471, 459, 356, 304, 298, 76, 546, 559, 357, 612, 369, 39, 170, 564, 2, 431, 514, 354, 451, 627, 626, 114, 526, 143, 36, 83, 226, 205, 466, 117, 510, 336, 533, 98, 350, 84, 443, 372, 93, 60, 532, 503, 625, 450, 218, 319, 649, 55, 138, 291, 541, 271, 20, 475, 196, 518, 351, 415, 391, 207, 15, 253, 512, 275
5, 817964.3946379885, 855524.1594636147, 296, 359, 471, 82, 613, 60, 337, 652, 230, 570, 293, 18, 523, 159, 350, 605, 78, 204, 506, 114, 286, 326, 141, 131, 309, 347, 89, 106, 610, 213, 88, 260, 423, 603, 461, 441, 483, 362, 112, 186, 231, 308, 189, 646, 292, 444, 431, 75, 119, 412, 392, 612, 251, 521, 0, 280, 389, 11, 65, 467, 564, 609, 482, 198, 98, 274, 607, 55, 111, 365, 237, 64, 436, 42, 180, 223, 548, 524, 263, 103, 576, 174, 151, 435, 358, 484, 559, 533, 544, 77, 48, 4, 538, 170, 282, 344, 28, 550, 492, 272, 488, 406, 95, 519, 552, 650, 25, 445, 182, 312, 315, 615, 399, 424, 437, 240, 637, 283, 403, 23, 321, 53, 273, 16, 211, 210, 624, 288, 2, 49, 504, 242, 137, 635, 81, 440, 258, 87, 348, 219, 567, 393, 290, 335, 54, 367, 543, 276, 618, 132, 574, 454, 331, 284, 113, 152, 585, 562, 622, 572, 457, 515, 173, 396, 602, 217, 19, 93, 490, 644, 52, 225, 96, 465, 44, 505, 86, 369, 5, 157, 509, 546, 402, 527, 580, 391, 338, 433, 614, 139, 489, 161, 422, 382, 597, 188, 9, 379, 320, 72, 319, 656, 356, 383, 407, 262, 468, 640, 346, 128, 641, 185, 584, 192, 387, 306, 606, 264, 247, 438, 411, 583, 430, 571, 616, 245, 573, 121, 117, 47, 135, 20, 472, 178, 116, 510, 639, 68, 143, 581, 361, 401, 633, 386, 535, 531, 595, 316, 380, 13, 85, 553, 601, 104, 545, 381, 154, 375, 125, 405, 322, 408, 427, 243, 212, 256, 166, 298, 499, 275, 12, 566, 37, 628, 620, 40, 474, 26, 57, 514, 201, 187, 149, 414, 364, 634, 115, 466, 654, 307, 593, 479, 371, 287, 171, 266, 373, 146, 470, 67, 69, 249, 329, 502, 303, 481, 330, 477, 568, 586, 190, 305, 462, 36, 453, 557, 540, 294, 126, 162, 345, 224, 291, 22, 238, 632, 145, 390, 100, 269, 388, 43, 561, 66, 158, 244, 589, 29, 233, 24, 517, 144, 496, 80, 76, 133, 565, 176, 434, 551, 452, 265, 464, 179, 360, 222, 10, 79, 17, 336, 310, 30, 549, 417, 248, 653, 384, 426, 592, 169, 35, 281, 395, 463, 313, 588, 209, 590, 611, 368, 289, 304, 413, 302, 123, 215, 148, 94, 341, 448, 349, 528, 400, 625, 480, 250, 108, 62, 122, 235, 15, 494, 518, 197, 218, 261, 299, 226, 239, 649, 268, 537, 252, 429, 351, 184, 317, 301, 130, 456, 41, 102, 105, 59, 353, 516, 246, 165, 366, 421, 439, 458, 124, 643, 8, 416, 617, 425, 90, 608, 631, 33, 109, 300, 205, 340, 323, 314, 591, 529, 513, 522, 325, 91, 31, 271, 97, 83, 259, 203, 442, 342, 447, 493, 255, 428, 21, 324, 498, 541, 318, 419, 394, 14, 491, 129, 486, 501, 279, 297, 587, 236, 495, 475, 508, 526, 598, 512, 525, 485, 71, 160, 221, 177, 460, 378, 164, 46, 136, 409, 648, 536, 560, 626, 181, 232, 630, 372, 642, 569, 45, 333, 619, 3, 443, 594, 63, 118, 147, 134, 354, 621, 651, 478, 539, 449, 277, 311, 547, 370, 415, 220, 241, 327, 32, 473, 451, 376, 285, 530, 555, 50, 257, 404, 578, 563, 638, 51, 202, 507, 27, 596, 418, 207, 200, 503, 450, 155, 446, 234, 84, 363, 575, 153, 604, 556, 216, 206, 175, 101, 343, 99, 410, 357, 332, 469, 38, 227, 208, 385, 497, 194, 138, 74, 228, 142, 107, 199, 623, 120, 7, 459, 39, 6, 191, 127, 253, 374, 267, 278, 183, 647, 167, 420, 599, 520, 636, 554, 229, 328, 270, 532, 214, 334, 61, 92, 140, 455, 34, 110, 542, 629, 577, 397, 295, 195, 600, 254, 582, 645, 163, 655, 377, 476, 534, 398, 56, 627, 73, 156, 487, 168, 150, 352, 339, 70, 1, 58, 511, 196, 432, 579, 500, 558, 172, 355, 193
6, 817964.3946379885, 856068.4201903357, 296, 359, 471, 82, 613, 60, 337, 652, 230, 570, 293, 18, 523, 159, 350, 605, 78, 204, 506, 114, 286, 326, 141, 131, 309, 347, 89, 106, 610, 213, 88, 260, 423, 603, 461, 441, 483, 362, 112, 186, 231, 308, 189, 646, 292, 444, 431, 75, 119, 412, 392, 612, 251, 521, 0, 280, 389, 11, 65, 467, 564, 609, 482, 198, 98, 274, 607, 55, 111, 365, 237, 64, 436, 42, 180, 223, 548, 524, 263, 103, 576, 174, 151, 435, 358, 484, 559, 533, 544, 77, 48, 4, 538, 170, 282, 344, 28, 550, 492, 272, 488, 406, 95, 519, 552, 650, 25, 445, 182, 312, 315, 615, 399, 424, 437, 240, 637, 283, 403, 23, 321, 53, 273, 16, 211, 210, 624, 288, 2, 49, 504, 242, 137, 635, 81, 440, 258, 87, 348, 219, 567, 393, 290, 335, 54, 367, 543, 276, 618, 132, 574, 454, 331, 284, 113, 152, 585, 562, 622, 572, 457, 515, 173, 396, 602, 217, 19, 93, 490, 644, 52, 225, 96, 465, 44, 505, 86, 369, 5, 157, 509, 546, 402, 527, 580, 391, 338, 433, 614, 139, 489, 161, 422, 382, 597, 188, 9, 379, 320, 72, 319, 656, 356, 383, 407, 262, 468, 640, 346, 128, 641, 185, 584, 192, 387, 306, 606, 264, 247, 438, 411, 583, 430, 571, 616, 245, 573, 121, 117, 47, 135, 20, 472, 178, 116, 510, 639, 68, 143, 581, 361, 401, 633, 386, 535, 531, 595, 316, 380, 13, 85, 553, 601, 104, 545, 381, 154, 375, 125, 405, 322, 408, 427, 243, 212, 256, 166, 298, 499, 275, 12, 566, 37, 628, 620, 40, 474, 26, 57, 514, 201, 187, 149, 414, 364, 634, 115, 466, 654, 307, 593, 479, 371, 287, 171, 266, 373, 146, 470, 67, 69, 249, 329, 502, 303, 481, 330, 477, 568, 586, 190, 305, 462, 36, 453, 557, 540, 294, 126, 162, 345, 224, 291, 22, 238, 632, 145, 390, 100, 269, 388, 43, 561, 66, 158, 244, 589, 29, 233, 24, 517, 144, 496, 80, 76, 133, 565, 176, 434, 551, 452, 265, 464, 179, 360, 222, 10, 79, 17, 336, 310, 30, 549, 417, 248, 653, 384, 426, 592, 169, 35, 281, 395, 463, 313, 588, 209, 590, 611, 368, 289, 304, 413, 302, 123, 215, 148, 94, 341, 448, 349, 528, 400, 625, 480, 250, 108, 62, 122, 235, 15, 494, 518, 197, 218, 261, 299, 226, 239, 649, 268, 537, 252, 429, 351, 184, 317, 301, 130, 456, 41, 102, 105, 59, 353, 516, 246, 165, 366, 421, 439, 458, 124, 643, 8, 416, 617, 425, 90, 608, 631, 33, 109, 300, 205, 340, 323, 314, 591, 529, 513, 522, 325, 91, 31, 271, 97, 83, 259, 203, 442, 342, 447, 493, 255, 428, 21, 324, 498, 541, 318, 419, 394, 14, 491, 129, 486, 501, 279, 297, 587, 236, 495, 475, 508, 526, 598, 512, 525, 485, 71, 160, 221, 177, 460, 378, 164, 46, 136, 409, 648, 536, 560, 626, 181, 232, 630, 372, 642, 569, 45, 333, 619, 3, 443, 594, 63, 118, 147, 134, 354, 621, 651, 478, 539, 449, 277, 311, 547, 370, 415, 220, 241, 327, 32, 473, 451, 376, 285, 530, 555, 50, 257, 404, 578, 563, 638, 51, 202, 507, 27, 596, 418, 207, 200, 503, 450, 155, 446, 234, 84, 363, 575, 153, 604, 556, 216, 206, 175, 101, 343, 99, 410, 357, 332, 469, 38, 227, 208, 385, 497, 194, 138, 74, 228, 142, 107, 199, 623, 120, 7, 459, 39, 6, 191, 127, 253, 374, 267, 278, 183, 647, 167, 420, 599, 520, 636, 554, 229, 328, 270, 532, 214, 334, 61, 92, 140, 455, 34, 110, 542, 629, 577, 397, 295, 195, 600, 254, 582, 645, 163, 655, 377, 476, 534, 398, 56, 627, 73, 156, 487, 168, 150, 352, 339, 70, 1, 58, 511, 196, 432, 579, 500, 558, 172, 355, 193
7, 817964.3946379885, 856502.8917183893, 296, 359, 471, 82, 613, 60, 337, 652, 230, 570, 293, 18, 523, 159, 350, 605, 78, 204, 506, 114, 286, 326, 141, 131, 309, 347, 89, 106, 610, 213, 88, 260, 423, 603, 461, 441, 483, 362, 112, 186, 231, 308, 189, 646, 292, 444, 431, 75, 119, 412, 392, 612, 251, 521, 0, 280, 389, 11, 65, 467, 564, 609, 482, 198, 98, 274, 607, 55, 111, 365, 237, 64, 436, 42, 180, 223, 548, 524, 263, 103, 576, 174, 151, 435, 358, 484, 559, 533, 544, 77, 48, 4, 538, 170, 282, 344, 28, 550, 492, 272, 488, 406, 95, 519, 552, 650, 25, 445, 182, 312, 315, 615, 399, 424, 437, 240, 637, 283, 403, 23, 321, 53, 273, 16, 211, 210, 624, 288, 2, 49, 504, 242, 137, 635, 81, 440, 258, 87, 348, 219, 567, 393, 290, 335, 54, 367, 543, 276, 618, 132, 574, 454, 331, 284, 113, 152, 585, 562, 622, 572, 457, 515, 173, 396, 602, 217, 19, 93, 490, 644, 52, 225, 96, 465, 44, 505, 86, 369, 5, 157, 509, 546, 402, 527, 580, 391, 338, 433, 614, 139, 489, 161, 422, 382, 597, 188, 9, 379, 320, 72, 319, 656, 356, 383, 407, 262, 468, 640, 346, 128, 641, 185, 584, 192, 387, 306, 606, 264, 247, 438, 411, 583, 430, 571, 616, 245, 573, 121, 117, 47, 135, 20, 472, 178, 116, 510, 639, 68, 143, 581, 361, 401, 633, 386, 535, 531, 595, 316, 380, 13, 85, 553, 601, 104, 545, 381, 154, 375, 125, 405, 322, 408, 427, 243, 212, 256, 166, 298, 499, 275, 12, 566, 37, 628, 620, 40, 474, 26, 57, 514, 201, 187, 149, 414, 364, 634, 115, 466, 654, 307, 593, 479, 371, 287, 171, 266, 373, 146, 470, 67, 69, 249, 329, 502, 303, 481, 330, 477, 568, 586, 190, 305, 462, 36, 453, 557, 540, 294, 126, 162, 345, 224, 291, 22, 238, 632, 145, 390, 100, 269, 388, 43, 561, 66, 158, 244, 589, 29, 233, 24, 517, 144, 496, 80, 76, 133, 565, 176, 434, 551, 452, 265, 464, 179, 360, 222, 10, 79, 17, 336, 310, 30, 549, 417, 248, 653, 384, 426, 592, 169, 35, 281, 395, 463, 313, 588, 209, 590, 611, 368, 289, 304, 413, 302, 123, 215, 148, 94, 341, 448, 349, 528, 400, 625, 480, 250, 108, 62, 122, 235, 15, 494, 518, 197, 218, 261, 299, 226, 239, 649, 268, 537, 252, 429, 351, 184, 317, 301, 130, 456, 41, 102, 105, 59, 353, 516, 246, 165, 366, 421, 439, 458, 124, 643, 8, 416, 617, 425, 90, 608, 631, 33, 109, 300, 205, 340, 323, 314, 591, 529, 513, 522, 325, 91, 31, 271, 97, 83, 259, 203, 442, 342, 447, 493, 255, 428, 21, 324, 498, 541, 318, 419, 394, 14, 491, 129, 486, 501, 279, 297, 587, 236, 495, 475, 508, 526, 598, 512, 525, 485, 71, 160, 221, 177, 460, 378, 164, 46, 136, 409, 648, 536, 560, 626, 181, 232, 630, 372, 642, 569, 45, 333, 619, 3, 443, 594, 63, 118, 147, 134, 354, 621, 651, 478, 539, 449, 277, 311, 547, 370, 415, 220, 241, 327, 32, 473, 451, 376, 285, 530, 555, 50, 257, 404, 578, 563, 638, 51, 202, 507, 27, 596, 418, 207, 200, 503, 450, 155, 446, 234, 84, 363, 575, 153, 604, 556, 216, 206, 175, 101, 343, 99, 410, 357, 332, 469, 38, 227, 208, 385, 497, 194, 138, 74, 228, 142, 107, 199, 623, 120, 7, 459, 39, 6, 191, 127, 253, 374, 267, 278, 183, 647, 167, 420, 599, 520, 636, 554, 229, 328, 270, 532, 214, 334, 61, 92, 140, 455, 34, 110, 542, 629, 577, 397, 295, 195, 600, 254, 582, 645, 163, 655, 377, 476, 534, 398, 56, 627, 73, 156, 487, 168, 150, 352, 339, 70, 1, 58, 511, 196, 432, 579, 500, 558, 172, 355, 193
8, 817964.3946379885, 855362.2542630268, 296, 359, 471, 82, 613, 60, 337, 652, 230, 570, 293, 18, 523, 159, 350, 605, 78, 204, 506, 114, 286, 326, 141, 131, 309, 347, 89, 106, 610, 213, 88, 260, 423, 603, 461, 441, 483, 362, 112, 186, 231, 308, 189, 646, 292, 444, 431, 75, 119, 412, 392, 612, 251, 521, 0, 280, 389, 11, 65, 467, 564, 609, 482, 198, 98, 274, 607, 55, 111, 365, 237, 64, 436, 42, 180, 223, 548, 524, 263, 103, 576, 174, 151, 435, 358, 484, 559, 533, 544, 77, 48, 4, 538, 170, 282, 344, 28, 550, 492, 272, 488, 406, 95, 519, 552, 650, 25, 445, 182, 312, 315, 615, 399, 424, 437, 240, 637, 283, 403, 23, 321, 53, 273, 16, 211, 210, 624, 288, 2, 49, 504, 242, 137, 635, 81, 440, 258, 87, 348, 219, 567, 393, 290, 335, 54, 367, 543, 276, 618, 132, 574, 454, 331, 284, 113, 152, 585, 562, 622, 572, 457, 515, 173, 396, 602, 217, 19, 93, 490, 644, 52, 225, 96, 465, 44, 505, 86, 369, 5, 157, 509, 546, 402, 527, 580, 391, 338, 433, 614, 139, 489, 161, 422, 382, 597, 188, 9, 379, 320, 72, 319, 656, 356, 383, 407, 262, 468, 640, 346, 128, 641, 185, 584, 192, 387, 306, 606, 264, 247, 438, 411, 583, 430, 571, 616, 245, 573, 121, 117, 47, 135, 20, 472, 178, 116, 510, 639, 68, 143, 581, 361, 401, 633, 386, 535, 531, 595, 316, 380, 13, 85, 553, 601, 104, 545, 381, 154, 375, 125, 405, 322, 408, 427, 243, 212, 256, 166, 298, 499, 275, 12, 566, 37, 628, 620, 40, 474, 26, 57, 514, 201, 187, 149, 414, 364, 634, 115, 466, 654, 307, 593, 479, 371, 287, 171, 266, 373, 146, 470, 67, 69, 249, 329, 502, 303, 481, 330, 477, 568, 586, 190, 305, 462, 36, 453, 557, 540, 294, 126, 162, 345, 224, 291, 22, 238, 632, 145, 390, 100, 269, 388, 43, 561, 66, 158, 244, 589, 29, 233, 24, 517, 144, 496, 80, 76, 133, 565, 176, 434, 551, 452, 265, 464, 179, 360, 222, 10, 79, 17, 336, 310, 30, 549, 417, 248, 653, 384, 426, 592, 169, 35, 281, 395, 463, 313, 588, 209, 590, 611, 368, 289, 304, 413, 302, 123, 215, 148, 94, 341, 448, 349, 528, 400, 625, 480, 250, 108, 62, 122, 235, 15, 494, 518, 197, 218, 261, 299, 226, 239, 649, 268, 537, 252, 429, 351, 184, 317, 301, 130, 456, 41, 102, 105, 59, 353, 516, 246, 165, 366, 421, 439, 458, 124, 643, 8, 416, 617, 425, 90, 608, 631, 33, 109, 300, 205, 340, 323, 314, 591, 529, 513, 522, 325, 91, 31, 271, 97, 83, 259, 203, 442, 342, 447, 493, 255, 428, 21, 324, 498, 541, 318, 419, 394, 14, 491, 129, 486, 501, 279, 297, 587, 236, 495, 475, 508, 526, 598, 512, 525, 485, 71, 160, 221, 177, 460, 378, 164, 46, 136, 409, 648, 536, 560, 626, 181, 232, 630, 372, 642, 569, 45, 333, 619, 3, 443, 594, 63, 118, 147, 134, 354, 621, 651, 478, 539, 449, 277, 311, 547, 370, 415, 220, 241, 327, 32, 473, 451, 376, 285, 530, 555, 50, 257, 404, 578, 563, 638, 51, 202, 507, 27, 596, 418, 207, 200, 503, 450, 155, 446, 234, 84, 363, 575, 153, 604, 556, 216, 206, 175, 101, 343, 99, 410, 357, 332, 469, 38, 227, 208, 385, 497, 194, 138, 74, 228, 142, 107, 199, 623, 120, 7, 459, 39, 6, 191, 127, 253, 374, 267, 278, 183, 647, 167, 420, 599, 520, 636, 554, 229, 328, 270, 532, 214, 334, 61, 92, 140, 455, 34, 110, 542, 629, 577, 397, 295, 195, 600, 254, 582, 645, 163, 655, 377, 476, 534, 398, 56, 627, 73, 156, 487, 168, 150, 352, 339, 70, 1, 58, 511, 196, 432, 579, 500, 558, 172, 355, 193
9, 817964.3946379885, 855228.992362397, 296, 359, 471, 82, 613, 60, 337, 652, 230, 570, 293, 18, 523, 159, 350, 605, 78, 204, 506, 114, 286, 326, 141, 131, 309, 347, 89, 106, 610, 213, 88, 260, 423, 603, 461, 441, 483, 362, 112, 186, 231, 308, 189, 646, 292, 444, 431, 75, 119, 412, 392, 612, 251, 521, 0, 280, 389, 11, 65, 467, 564, 609, 482, 198, 98, 274, 607, 55, 111, 365, 237, 64, 436, 42, 180, 223, 548, 524, 263, 103, 576, 174, 151, 435, 358, 484, 559, 533, 544, 77, 48, 4, 538, 170, 282, 344, 28, 550, 492, 272, 488, 406, 95, 519, 552, 650, 25, 445, 182, 312, 315, 615, 399, 424, 437, 240, 637, 283, 403, 23, 321, 53, 273, 16, 211, 210, 624, 288, 2, 49, 504, 242, 137, 635, 81, 440, 258, 87, 348, 219, 567, 393, 290, 335, 54, 367, 543, 276, 618, 132, 574, 454, 331, 284, 113, 152, 585, 562, 622, 572, 457, 515, 173, 396, 602, 217, 19, 93, 490, 644, 52, 225, 96, 465, 44, 505, 86, 369, 5, 157, 509, 546, 402, 527, 580, 391, 338, 433, 614, 139, 489, 161, 422, 382, 597, 188, 9, 379, 320, 72, 319, 656, 356, 383, 407, 262, 468, 640, 346, 128, 641, 185, 584, 192, 387, 306, 606, 264, 247, 438, 411, 583, 430, 571, 616, 245, 573, 121, 117, 47, 135, 20, 472, 178, 116, 510, 639, 68, 143, 581, 361, 401, 633, 386, 535, 531, 595, 316, 380, 13, 85, 553, 601, 104, 545, 381, 154, 375, 125, 405, 322, 408, 427, 243, 212, 256, 166, 298, 499, 275, 12, 566, 37, 628, 620, 40, 474, 26, 57, 514, 201, 187, 149, 414, 364, 634, 115, 466, 654, 307, 593, 479, 371, 287, 171, 266, 373, 146, 470, 67, 69, 249, 329, 502, 303, 481, 330, 477, 568, 586, 190, 305, 462, 36, 453, 557, 540, 294, 126, 162, 345, 224, 291, 22, 238, 632, 145, 390, 100, 269, 388, 43, 561, 66, 158, 244, 589, 29, 233, 24, 517, 144, 496, 80, 76, 133, 565, 176, 434, 551, 452, 265, 464, 179, 360, 222, 10, 79, 17, 336, 310, 30, 549, 417, 248, 653, 384, 426, 592, 169, 35, 281, 395, 463, 313, 588, 209, 590, 611, 368, 289, 304, 413, 302, 123, 215, 148, 94, 341, 448, 349, 528, 400, 625, 480, 250, 108, 62, 122, 235, 15, 494, 518, 197, 218, 261, 299, 226, 239, 649, 268, 537, 252, 429, 351, 184, 317, 301, 130, 456, 41, 102, 105, 59, 353, 516, 246, 165, 366, 421, 439, 458, 124, 643, 8, 416, 617, 425, 90, 608, 631, 33, 109, 300, 205, 340, 323, 314, 591, 529, 513, 522, 325, 91, 31, 271, 97, 83, 259, 203, 442, 342, 447, 493, 255, 428, 21, 324, 498, 541, 318, 419, 394, 14, 491, 129, 486, 501, 279, 297, 587, 236, 495, 475, 508, 526, 598, 512, 525, 485, 71, 160, 221, 177, 460, 378, 164, 46, 136, 409, 648, 536, 560, 626, 181, 232, 630, 372, 642, 569, 45, 333, 619, 3, 443, 594, 63, 118, 147, 134, 354, 621, 651, 478, 539, 449, 277, 311, 547, 370, 415, 220, 241, 327, 32, 473, 451, 376, 285, 530, 555, 50, 257, 404, 578, 563, 638, 51, 202, 507, 27, 596, 418, 207, 200, 503, 450, 155, 446, 234, 84, 363, 575, 153, 604, 556, 216, 206, 175, 101, 343, 99, 410, 357, 332, 469, 38, 227, 208, 385, 497, 194, 138, 74, 228, 142, 107, 199, 623, 120, 7, 459, 39, 6, 191, 127, 253, 374, 267, 278, 183, 647, 167, 420, 599, 520, 636, 554, 229, 328, 270, 532, 214, 334, 61, 92, 140, 455, 34, 110, 542, 629, 577, 397, 295, 195, 600, 254, 582, 645, 163, 655, 377, 476, 534, 398, 56, 627, 73, 156, 487, 168, 150, 352, 339, 70, 1, 58, 511, 196, 432, 579, 500, 558, 172, 355, 193
10, 817300.1746667486, 853570.4864714805, 153, 243, 28, 337, 590, 584, 272, 469, 429, 345, 236, 271, 501, 613, 612, 367, 6, 618, 42, 334, 226, 342, 287, 303, 125, 383, 614, 63, 426, 543, 299, 514, 8, 262, 338, 149, 320, 570, 346, 166, 84, 586, 498, 343, 545, 502, 656, 642, 32, 361, 535, 216, 609, 533, 536, 207, 595, 464, 190, 532, 214, 456, 186, 583, 638, 87, 55, 62, 398, 275, 349, 206, 221, 512, 396, 234, 148, 250, 387, 598, 364, 539, 628, 382, 602, 144, 265, 454, 277, 392, 530, 34, 26, 246, 626, 344, 419, 284, 592, 23, 2, 291, 99, 444, 376, 650, 634, 204, 302, 97, 563, 399, 480, 102, 443, 13, 187, 516, 644, 574, 633, 195, 531, 513, 193, 51, 115, 471, 49, 495, 440, 503, 523, 58, 405, 529, 218, 572, 127, 321, 384, 45, 25, 112, 191, 14, 267, 587, 232, 65, 80, 385, 263, 407, 362, 200, 478, 239, 298, 158, 449, 348, 273, 544, 519, 60, 126, 141, 475, 155, 276, 506, 261, 170, 177, 295, 412, 380, 98, 378, 174, 564, 537, 555, 111, 46, 619, 300, 40, 180, 485, 415, 594, 285, 582, 258, 541, 446, 359, 220, 608, 589, 438, 620, 164, 238, 435, 188, 222, 306, 137, 176, 288, 373, 69, 347, 534, 120, 490, 95, 256, 470, 372, 313, 119, 410, 322, 247, 281, 147, 573, 197, 400, 622, 450, 525, 230, 38, 637, 474, 152, 145, 579, 481, 159, 72, 305, 365, 652, 578, 403, 643, 245, 7, 309, 233, 109, 629, 293, 311, 552, 371, 417, 366, 625, 441, 323, 425, 421, 386, 418, 487, 547, 434, 53, 73, 199, 114, 128, 601, 370, 316, 524, 61, 15, 140, 89, 510, 465, 47, 82, 168, 504, 219, 118, 599, 171, 560, 639, 81, 307, 493, 296, 292, 356, 223, 505, 467, 39, 35, 390, 600, 208, 422, 20, 253, 160, 577, 649, 360, 294, 632, 189, 205, 27, 241, 332, 538, 217, 88, 167, 588, 623, 108, 611, 107, 549, 630, 653, 377, 499, 154, 558, 621, 150, 616, 522, 553, 36, 404, 324, 201, 585, 416, 374, 18, 551, 654, 479, 340, 567, 162, 225, 326, 178, 30, 468, 135, 5, 165, 336, 91, 301, 278, 266, 428, 575, 354, 19, 70, 136, 352, 646, 0, 492, 557, 540, 527, 565, 124, 183, 12, 489, 280, 76, 423, 497, 143, 31, 640, 566, 289, 229, 64, 317, 249, 37, 92, 463, 90, 631, 526, 432, 477, 420, 123, 308, 548, 106, 54, 110, 459, 139, 213, 445, 269, 198, 22, 520, 279, 517, 1, 556, 447, 184, 329, 215, 163, 486, 453, 353, 237, 335, 451, 156, 185, 651, 401, 462, 647, 113, 496, 483, 181, 17, 507, 85, 59, 500, 461, 571, 96, 52, 3, 460, 437, 457, 518, 251, 286, 363, 604, 242, 240, 33, 79, 129, 77, 427, 402, 146, 472, 369, 122, 511, 615, 66, 10, 488, 11, 391, 67, 379, 133, 431, 546, 21, 282, 44, 389, 515, 331, 325, 182, 645, 231, 134, 482, 381, 209, 509, 16, 528, 270, 101, 173, 104, 4, 606, 393, 312, 151, 409, 212, 283, 315, 550, 569, 132, 169, 581, 157, 314, 211, 494, 328, 179, 50, 41, 56, 100, 605, 455, 252, 192, 74, 75, 255, 430, 196, 339, 202, 121, 593, 568, 24, 591, 395, 603, 78, 310, 414, 351, 341, 424, 473, 559, 607, 350, 304, 406, 268, 655, 161, 327, 235, 394, 436, 71, 227, 116, 117, 172, 244, 254, 248, 458, 210, 439, 375, 228, 93, 103, 521, 355, 330, 83, 448, 318, 86, 636, 9, 397, 452, 368, 580, 610, 130, 333, 48, 290, 142, 194, 319, 641, 442, 411, 476, 358, 388, 94, 257, 508, 259, 274, 260, 224, 408, 491, 624, 617, 203, 131, 466, 105, 554, 635, 68, 29, 175, 57, 484, 561, 562, 596, 648, 433, 597, 297, 413, 627, 576, 357, 542, 264, 138, 43
